id,name,description,product_def_id
100953,Hangers,Clothing hangers,
102105,AA Batteries,AA size batteries,
102964,Sugar Bowls,Sugar bowls and creamers,
104221,Embroidery Kits,Embroidery supplies,
104302,Baby Bottles,Baby bottles and feeding,
105562,External Hard Drives,External storage devices,
105841,Educational Toys,Learning and educational toys,
106741,Women's Lingerie,Intimate apparel for women,
107613,Mesh Wi-Fi Systems,Mesh network systems,
108820,Bike Accessories,Cycling accessories,
109173,Men's Khakis,Khaki pants,
111131,Women's Sneakers,Athletic and casual sneakers for women,
112551,Books,Physical and digital books,
112991,Baby Gear,Baby equipment,
113434,Women's Wide Leg Pants,Wide leg trousers,
113709,Backpacks School,School backpacks,
113980,Men's Athletic Shirts,Performance athletic shirts,
114859,Mystery & Thriller,Mystery and thriller novels,
115300,GPS Navigation,GPS navigation systems,
117082,Teapots,Tea pots and kettles,
117777,Car Seat Covers,Seat covers and protectors,
119211,Glassware,Drinking glasses,
119229,Electronics,Electronic devices and gadgets,
120084,Home Theater Systems,Home theater audio systems,
120389,Nursery Gliders,Rocking chairs and gliders,
121025,LED TVs,LED backlit televisions,
121526,Coffee Makers,Coffee brewing machines,
121917,Wireless Mice,Wireless computer mice,
122657,Men's Peacoats,Peacoat style coats,
123360,Anti-Aging,Anti-aging products,
126707,Soccer,Soccer equipment,
126928,Omega-3,Fish oil and omega-3,
127861,Brooches,Brooches and pins,
129317,USB Flash Drives,USB thumb drives,
129954,Girls' Tops,Tops for girls,
130377,Coffee,Coffee beans and grounds,
130950,Kettles,Electric kettles,
131164,Women's Suits,Business suits for women,
131229,Volleyball,Volleyball equipment,
132148,Cookie Cutters,Cookie cutter sets,
132658,Candy,Candy and sweets,
132737,Women's Tunics,Tunic tops,
133807,Girls' Dresses,Dresses for girls,
134144,Guitar Cases,Guitar cases and gig bags,
135745,RAM Memory,Computer memory modules,
136060,Diving,Scuba and snorkeling,
139564,Men's Briefs,Brief style underwear,
140396,Cymbals,Cymbals,
141217,Die-Cast Models,Die-cast toy vehicles,
141541,Tech Magazines,Technology magazines,
142011,Mandolins,Mandolins,
144170,Fiction Books,Fiction literature,
144914,Aprons,Kitchen aprons,
145678,Sink Organizers,Sink caddies and organizers,
146975,Champagne Flutes,Champagne glasses,
147085,Women's Cocktail Dresses,Cocktail party dresses,
147222,Women's Shoes,Shoes for women,
147413,Bass Guitars,Bass guitars,
148389,Door Mats,Doormats and welcome mats,
149243,Camera Flash,External camera flashes,
150753,Sticky Notes,Post-it notes,
151037,Tires & Wheels,Tires and wheels,
151572,Bedroom Furniture,Furniture for bedrooms,
151906,Shower Curtains,Shower curtains and liners,
152159,Building Materials,Construction materials,
153013,Food Storage Containers,Food storage sets,
154041,Gaming Monitors,High refresh rate gaming monitors,
154680,Music Accessories,Musical instrument accessories,
154799,Markers,Markers and highlighters,
154966,Women's Dress Shorts,Dressy shorts,
155086,Body Wash,Body wash and soap,
155274,Living Room Furniture,Furniture for living rooms,
156447,Travel Mugs,Insulated travel mugs,
156461,Sponges,Kitchen sponges,
156573,Stress Relief,Stress and anxiety relief,
157348,Women's Tights,Hosiery and tights,
157864,Car Seats,Infant and child car seats,
157985,Cookies,Cookies and biscuits,
158015,Loveseats,Two-seater sofas,
160194,Storage & Organization,Storage and organization solutions,
160220,Trivets,Hot pads and trivets,
161772,Oral Care,Dental care products,
161867,Women's Thongs,Thong underwear,
161998,Pots & Planters,Garden pots and planters,
162131,Gaming PCs,High-performance gaming computers,
162603,Baseball,Baseball equipment,
162749,Binders,Three-ring binders,
162801,Men's Henley Shirts,Henley style shirts,
163472,Girls' Pants,Pants for girls,
165456,Men's Cargo Pants,Cargo pants with pockets,
165560,Garden Hoses,Garden hoses and reels,
165772,Umbrella Stands,Umbrella holders,
167008,Personal Health,Personal health products,
167124,Wireless Headphones,Bluetooth wireless headphones,
169672,Women's Workout Tops,Workout shirts,
169964,Security Camera Systems,Multi-camera security systems,
170327,Bathroom Storage,Bathroom organizers,
170383,Makeup,Makeup and cosmetics,
171747,Dining Tables,Dining room tables,
171757,Men's Boxer Briefs,Boxer brief underwear,
172255,Lunch Boxes,Lunch boxes and bags,
173541,LED Strip Lights,LED light strips,
173599,Boys' Shoes,Shoes for boys,
173943,Moisturizers,Face moisturizers,
174861,Athletic Socks Women,Women's athletic socks,
176171,Women's Rain Jackets,Raincoats,
176223,Baby Clothing,Clothing for babies and infants,
176428,Floor Mats,Car floor mats,
176787,Outdoor Chairs,Patio chairs and seating,
177173,Phone Chargers,Chargers for mobile phones,
177504,Car Organizers,Car storage organizers,
177800,4K TVs,4K Ultra HD televisions,
178973,Fans,Electric fans,
181107,Women's Rompers,Rompers and playsuits,
182666,Towels,Bath towels,
184551,Baby Sleepwear,Sleep sacks and pajamas for babies,
185444,Girls' Shoes,Shoes for girls,
187238,Pie Dishes,Pie plates,
189163,Women's Denim Jackets,Denim jackets,
190924,Legal Pads,Legal pads,
191076,Women's Shorts,Shorts for women,
191426,Mobile Devices,Smartphones and mobile devices,
193026,Water,Bottled water,
193199,Electric Bikes,E-bikes,
195620,Racing Wheels,Steering wheel controllers,
196805,Pretend Play,Play kitchens and role-play toys,
198192,Trash Cans,Waste bins and trash cans,
198479,Beverages,Drinks and beverages,
199241,Cribs,Baby cribs and cradles,
199759,Bikes,Bicycles,
200081,Highlighters,Highlighting markers,
202809,HDMI Cables,HDMI cables,
202876,Smart Locks,Electronic smart locks,
203136,Hand Towels,Hand towels,
203905,Computer Cases,PC cases and chassis,
204139,Hiking Boots,Hiking footwear,
204307,Tools & Equipment,Automotive tools,
205519,Boys' Jeans,Jeans for boys,
205548,Pacifiers,Pacifiers and teethers,
207020,Fitness Trackers,Activity and fitness trackers,
207470,Women's Graphic Tees,Graphic t-shirts for women,
209762,Hiking,Hiking equipment,
211573,String Lights,Decorative string lights,
213070,Shampoo,Hair shampoo,
213394,Flatware,Silverware and cutlery,
214212,Bed Sheets,Bed sheet sets,
215340,Women's Leather Jackets,Leather jackets,
216990,Pencils,Pencils and mechanical pencils,
218482,Car Chargers,Car phone chargers,
221339,Flight Sticks,Flight simulator joysticks,
221411,Plastic Containers,Plastic storage containers,
221966,Cat Toys,Toys for cats,
222110,Air Purifiers,Air purification systems,
222240,Digital Pianos,Digital and electric pianos,
222694,Women's Maternity,Maternity clothing,
222811,Capos,Guitar capos,
223655,Movies & TV,Movies and television,
224116,Duvet Covers,Duvet covers and sets,
224804,Women's Bomber Jackets,Bomber style jackets,
226645,Scanners,Document scanners,
230113,Rugs & Carpets,Area rugs and carpets,
230170,Women's Cardigans,Cardigan sweaters for women,
230857,Dog Collars & Leashes,"Dog collars, leashes, and harnesses",
230972,Crackers,Crackers,
231113,Smart Doorbells,Video doorbells,
232554,Amplifiers,Audio amplifiers,
232600,Kitchen Scales,Food weighing scales,
233619,Lipstick,Lipstick and lip color,
235022,Car Accessories,Car interior and exterior accessories,
235435,Mops & Brooms,"Mops, brooms, and dustpans",
236140,Face Masks,Facial masks,
238289,Mattress Pads,Mattress pads and toppers,
240912,Graphics Cards (GPUs),Graphics processing units,
242177,Fish & Aquatic,Aquarium and fish supplies,
242537,Kitchen Knives,Cutlery and knife sets,
243131,Automotive,Auto parts and accessories,
244434,Pots & Pans,Cooking pots and pans,
244991,Oatmeal,Oats and oatmeal,
245176,Chromebooks,Chrome OS laptops,
245691,Hair Care,Hair care products,
246734,USB Cables,USB charging and data cables,
247237,Colanders,Colanders and strainers,
248178,Foundation,Face foundation,
249445,Foam Rollers,Muscle foam rollers,
249833,Weather Stations,Home weather stations,
249933,Computers & Laptops,Computers and portable computing devices,
253815,Car Electronics,Car electronics and accessories,
254204,Phone Cases,Protective cases for phones,
254438,Dog Beds,Dog beds and furniture,
254800,Desk Lamps,LED desk lamps,
255234,Wall Art,Wall art and paintings,
255774,Turntables,Vinyl record players,
258805,Kids' Shoes,Shoes for children,
259018,Nightstands,Bedside tables,
259397,Women's Jeggings,Jean leggings,
260019,Men's Sweatpants,Sweatpants,
260190,Cleaning Supplies,Cleaning products and tools,
260370,Women's Panties,Underwear panties,
260937,Jewelry,Jewelry and accessories,
261388,Candles,Scented and decorative candles,
261505,Headphone Amps,Headphone amplifiers,
261558,Educational Books,Educational and learning books,
261869,Coolers,Coolers and ice chests,
262001,Health & Fitness,Health and fitness books,
262282,Wireless Chargers,Wireless charging pads,
263026,Wearable Technology,Wearable tech devices,
263350,Piping Bags,Cake decorating bags and tips,
263363,Toothpaste,Toothpaste,
263952,Small Animal Toys,Toys for small animals,
264703,Men's Sweaters,Sweaters and pullovers for men,
267033,Percussion Instruments,Drums and percussion,
267346,Men's Socks,Socks for men,
268302,Wallets,Wallets and cardholders,
269129,Tongs,Kitchen tongs,
269405,Anklets,Ankle bracelets,
271504,Cocktail Glasses,Cocktail and martini glasses,
271790,Nuts,Nuts and trail mix,
271838,Eyeliner,Eye liner,
273667,Women's Long Sleeve Tops,Long sleeve shirts,
274049,Men's Formal Wear,Tuxedos and formal attire for men,
274082,Hard Drives,Hard disk drives,
274534,Pressure Cookers,Electric pressure cookers,
274893,Pain Relief,Pain relief products,
275243,Outdoor Decor,Outdoor decorations,
275575,Dictionaries,Dictionaries and thesauruses,
275773,Young Adult,Young adult fiction,
276106,Petite Clothing,Petite sizes,
276124,Dining Room Furniture,Dining room furniture,
277608,Outdoor Recreation,Outdoor activities,
278134,Fine Jewelry,Fine jewelry and precious metals,
278348,Popcorn,Popcorn,
278697,Corkscrews,Wine corkscrews,
278938,Dog Supplies,Products for dogs,
280026,Women's Midi Dresses,Mid-length dresses,
280702,Gaming,Gaming consoles and accessories,
280920,Toasters,Toasters and toaster ovens,
281610,Pantry Staples,Pantry and cooking staples,
282647,Concealer,Makeup concealer,
283623,Bracelets,Bracelets and bangles,
283923,Dressers,Bedroom dressers,
285147,Sleep Aids,Sleep support products,
285465,Modems,Internet modems,
286197,Book Lights,Reading lights,
291554,Women's Camisoles,Camisole tops,
291974,Wireless Keyboards,Wireless keyboards,
293475,Audio Interfaces,Audio recording interfaces,
293583,Powder,Face powder,
294121,Girls' Activewear,Athletic wear for girls,
296566,Women's Skirts,Skirts for women,
296994,DisplayPort Cables,DisplayPort cables,
298024,Cycling,Bicycles and cycling,
302486,Textbooks,Educational textbooks,
303610,Curtains & Drapes,Window curtains,
303679,Smart Rings,Smart rings,
311019,Men's Dress Shoes,Formal shoes for men,
312197,Pitchers,Water pitchers and carafes,
312327,Soundbars,TV soundbars,
313393,Chess Sets,Chess boards and sets,
313855,Non-Fiction Books,Non-fiction literature,
315381,Musical Instruments Toys,Toy musical instruments,
315790,Women's Yoga Pants,Yoga pants,
316882,Women's Maxi Dresses,Long maxi dresses,
318706,Girls' Clothing,Clothing for girls,
319328,Kitchen & Dining,Kitchen and dining items,
319466,Men's T-Shirts,T-shirts and graphic tees for men,
320293,Men's Shoes,Shoes for men,
321104,Magazine Racks,Magazine holders,
322943,Women's Fragrances,Perfumes for women,
322958,Headphones,Headphones and earphones,
323336,Backpacks,Backpacks and daypacks,
323527,Women's Sweaters,Sweaters and pullovers for women,
324523,Guitars,Acoustic and electric guitars,
324965,Chip & Dip Sets,Chip and dip serving sets,
325000,Meat Thermometers,Cooking thermometers,
326512,Speakers,Computer speakers,
326976,Billiards,Pool and billiards equipment,
327104,Car Care,Car maintenance and cleaning,
331748,Treadmills,Running treadmills,
332060,Paper Products,Paper and notebooks,
332646,Men's Sleepwear,Pajamas and loungewear for men,
334439,Art Supplies,Art materials for students,
335212,SSDs,Solid state drives,
336268,Bagpipes,Bagpipes,
337569,Streaming Devices,Media streaming devices,
339855,Stylus Pens,Digital stylus pens,
340050,Kitchen Utensils,Cooking utensils,
341087,Men's Fleece,Fleece pullovers and jackets,
343315,Lighting,Lamps and light fixtures,
345766,Women's Mini Dresses,Short mini dresses,
345951,Picture Frames,Photo frames,
347134,Hats & Caps,"Hats, caps, and headwear",
348446,Men's Sneakers,Athletic and casual sneakers for men,
349318,Spatulas,Kitchen spatulas,
351212,Women's Boots,Boots for women,
352499,Drum Accessories,Drum sticks and accessories,
354004,Notebooks,Notebooks and journals,
355785,Cleaning Solutions,Cleaning chemicals,
355824,Butter Dishes,Butter dishes,
356218,Science Fiction,Science fiction books,
357649,Wine Glasses,Wine stemware,
359949,Recliners,Reclining chairs,
362995,Smartwatches,Smart watches and wearables,
363328,Audio Cables,3.5mm and audio cables,
364771,Digital Cameras,Digital photography cameras,
365214,Boys' Pants,Pants for boys,
365226,Luggage,Suitcases and travel bags,
366544,Amplifiers,Guitar and bass amplifiers,
366754,Mirrorless Cameras,Mirrorless digital cameras,
368385,Microwaves,Microwave ovens,
368471,Smart Speakers,Voice-activated smart speakers,
369793,Men's Activewear,Athletic and sports clothing for men,
373897,Patio Sets,Outdoor dining sets,
374669,Cameras & Photography,Cameras and photography equipment,
375705,Jump Starters,Car jump starters,
375982,Horror,Horror fiction,
376608,Shaving Cream,Shaving cream and gel,
377355,Gaming Chairs,Ergonomic gaming chairs,
377455,Memory Cards,Storage memory cards,
380444,Women's Wrap Dresses,Wrap style dresses,
380779,Cake Stands,Cake stands and plates,
381747,Pillows,Bed pillows,
381777,Ottomans,Ottomans and footstools,
382550,Plants & Seeds,"Plants, seeds, and bulbs",
382788,Baby Bath,Baby bath products,
385967,Loaf Pans,Bread loaf pans,
386390,China Cabinets,China and display cabinets,
386799,Harmonicas,Harmonicas,
387588,Slow Cookers,Slow cookers and crock pots,
387712,Tuners,Instrument tuners,
389101,Network Switches,Network switches,
389255,Football,American football equipment,
390985,Cooling Racks,Wire cooling racks,
392106,Smart TVs,Internet-connected smart TVs,
393408,Violins,Violins and violas,
394222,Car Wash,Car wash supplies,
394316,Men's Hoodies,Hoodies and sweatshirts for men,
394667,Granola,Granola and muesli,
395397,Hair Tools,Hair dryers and styling tools,
395620,Cat Supplies,Products for cats,
396150,Men's Sandals,Sandals and flip-flops for men,
397027,Tablecloths,Table linens,
398922,Women's Pantyhose,Pantyhose,
400010,Webcams,Web cameras,
401435,Microphone Stands,Mic stands and booms,
402260,Office Supplies,Office and stationery supplies,
403010,Biographies,Biographies and memoirs,
404574,Action Cameras,Action and sports cameras,
405195,Women's Hoodies,Hoodies and sweatshirts for women,
406235,Gaming Headsets,Gaming headsets with microphones,
407019,Girls' Jeans,Jeans for girls,
408055,Comforters,Comforters and quilts,
408602,Women's Sleepwear,Pajamas and nightgowns for women,
408625,Handbags,Handbags and purses,
410142,Men's Chinos,Chino pants,
411429,Weights,Dumbbells and weight sets,
411688,Jewelry Sets,Matching jewelry sets,
411851,Mattresses,Mattresses and box springs,
411967,Men's Graphic Tees,Graphic print t-shirts,
412431,Women's Kimonos,Kimono style robes,
412555,Men's Clothing,All clothing items for men,
412631,Paper Clips,Clips and fasteners,
412713,Synthesizers,Music synthesizers,
413131,Nursery,Nursery furniture and decor,
413406,Pizza Cutters,Pizza cutting wheels,
414534,Data Storage,Storage devices,
414990,Lightning Cables,Apple Lightning cables,
415150,Printer Paper,Copy and printer paper,
415709,DSLR Cameras,Digital SLR cameras,
415941,Bird Supplies,Products for birds,
418043,Dart Boards,Dartboards and darts,
418380,Study Guides,Study and test prep guides,
419293,Baby Outerwear,Jackets and coats for babies,
420043,Vitamin C,Vitamin C supplements,
420084,Middle Grade,Books for middle grade readers,
421041,Picture Books,Picture books for young children,
421137,Ukuleles,Ukuleles,
421141,Backpacking Packs,Hiking backpacks,
422836,Team Sports,Team sports equipment,
423176,Home Improvement,Tools and home improvement,
423324,Dish Racks,Dish drying racks,
424195,Xbox,Microsoft Xbox consoles,
426025,Netbooks,Compact portable computers,
427634,Receivers,AV receivers,
428298,Vases,Decorative vases,
429122,Parenting,Parenting and family books,
429995,Lotion,Body lotion and cream,
434641,No Show Socks,No-show socks,
436897,Historical Fiction,Historical fiction books,
437601,Memory Card Readers,Card readers,
437708,Phone Cables,USB and charging cables,
438239,Cable Organizers,Cable management,
438471,Projectors,Video projectors,
439203,Laptop Chargers,Laptop power adapters,
439974,Camping,Camping gear and equipment,
440580,Kids' Clothing,All clothing for children,
440624,Cat Litter,Cat litter and boxes,
440993,Desk Organizers,Desktop organizers,
442147,Baby Activity Centers,Activity gyms and centers,
443327,Can Openers,Manual and electric can openers,
443852,Kitchen Timers,Cooking timers,
444101,Girls' Outerwear,Jackets and coats for girls,
444387,Crochet Hooks,Crochet hooks,
444411,Literary Fiction,Literary fiction,
444736,Mobile Games,Mobile game apps,
445412,Smart Sensors,Motion and door sensors,
445872,Dish Soap,Dishwashing liquid,
447483,Men's Polo Shirts,Polo shirts for men,
447584,Women's Tops,Blouses and tops for women,
449156,Antenna,TV antennas,
449445,Wheel Covers,Hub caps and wheel covers,
449676,Mirrors,Decorative mirrors,
451369,High Chairs,High chairs and boosters,
453225,Table Runners,Decorative table runners,
454787,Filters,Camera lens filters,
454944,Monitor Arms,Monitor mounting arms,
455955,Security Alarms,Home alarm systems,
456378,Designer Fashion,Designer brands,
456533,Cables & Adapters,Cables and connectivity,
457875,Women's Blouses,Blouses and dressy tops for women,
457916,Men's Dress Shirts,Formal dress shirts for men,
458761,Women's Shapewear,Shapewear and body shapers,
460939,Keyboards,Computer keyboards,
461106,MIDI Controllers,MIDI keyboard controllers,
461132,Women's Sundresses,Summer sundresses,
461616,Power Supplies,Computer power supply units,
463350,Poker Sets,Poker chips and sets,
463778,Baby Care,Baby care items,
464512,Decorative Objects,Decorative accents and sculptures,
465295,Routers,Wi-Fi routers,
466012,Watering Equipment,Hoses and watering cans,
468128,Baby Carriers,Baby carriers and wraps,
469466,Wastebaskets,Small waste bins,
469678,Home Hubs,Smart home control hubs,
470185,Adapter Dongles,USB and port adapters,
470819,Sports & Outdoors,Sports and outdoor equipment,
471470,PC Games,Computer games,
472286,Dinnerware,Plates and dinnerware,
473737,Docking Stations,Laptop docking stations,
473796,Home Decor,Home decorations and accents,
475655,E-Readers,Electronic book readers,
477581,Closet Organizers,Closet organization systems,
477969,Portable SSDs,Portable solid state drives,
478568,LED Bulbs,LED light bulbs,
478735,Dolls,Dolls and accessories,
479051,Men's Casual Shoes,Casual shoes for men,
481290,Razors,Razors and blades,
481324,Makeup Brushes,Makeup brushes and tools,
481431,Screen Protectors,Screen protectors for devices,
481454,Small Animal Supplies,Products for small pets,
481655,Women's Flats,Flat shoes for women,
482026,Boys' Sleepwear,Pajamas for boys,
482060,Knitting Needles,Knitting and crochet needles,
484020,Coat Racks,Coat stands and hooks,
485489,Washcloths,Washcloths and face cloths,
486734,Bar Stools,Bar stools and counter stools,
487064,Artificial Plants,Faux plants and flowers,
487268,Board Games,Board games,
487310,Engagement Rings,Engagement and wedding rings,
487356,Writing Instruments,Pens and pencils,
488980,Printers,Printers and multifunction devices,
491560,Body Jewelry,Body piercing jewelry,
492514,Universal Chargers,Universal charging stations,
494654,Cat Grooming,Cat grooming supplies,
495610,Men's Jeans,Denim jeans for men,
495869,Smart Carbon Monoxide Detectors,CO detectors,
495916,Laundry Baskets,Laundry hampers and baskets,
496064,Pour Over Coffee,Pour over coffee makers,
496900,Cookware,Pots and pans,
498396,Garage Storage,Garage organization,
498791,Smart Home Security,Home security systems,
498937,Fertilizers,Plant fertilizers,
498964,Vacuum Cleaners,Vacuum cleaners,
499153,Hair Treatments,Hair masks and treatments,
499262,Breakfast Bars,Breakfast and granola bars,
499768,Powerline Adapters,Powerline network adapters,
501561,MP3 Players,Digital music players,
501786,Necklaces,Necklaces and pendants,
502046,Compression Socks,Compression hosiery,
502376,Window Sensors,Door and window sensors,
502532,Smartphones,Mobile phones,
506954,Men's Vests,Vests and gilets,
508449,Women's Vests,Vests and waistcoats,
508569,Power Banks,Portable battery chargers,
509681,Gaming Accessories,Gaming accessories,
510347,Wind Instruments,Wind and brass instruments,
511194,Wedding Bands,Wedding rings,
511908,Jewelry Boxes,Jewelry storage and organizers,
515020,Women's Sheath Dresses,Sheath dresses,
516531,Religion & Spirituality,Religious and spiritual books,
517658,Thermometers,Medical thermometers,
517845,Tall Clothing,Tall sizes,
518526,String Instruments,String instruments,
522566,Sauces & Condiments,Sauces and condiments,
524926,SD Cards,SD memory cards,
524970,Baby Toys,Toys for babies and infants,
525034,Women's Parkas,Parka coats,
525415,Pet Supplies,Products for pets,
526247,Car Vacuum,Car vacuum cleaners,
527236,Exercise & Fitness,Fitness equipment,
527912,Instant Cameras,Instant print cameras,
527985,Coffee Tables,Coffee and cocktail tables,
528473,Arts & Crafts,Art supplies and craft kits,
529600,Cake Pans,Cake baking pans,
529869,Business & Finance,Business and finance books,
531291,First Aid,First aid kits and supplies,
531509,Mail Organizers,Mail sorters,
532863,Smart Security Cameras,Wi-Fi security cameras,
535732,Oven Mitts,Oven mitts and pot holders,
536486,Mascara,Mascara,
536883,Garden & Outdoor,Garden and outdoor items,
537329,Card Games,Playing cards and card games,
537822,Bookshelves,Office bookshelves,
538284,Bird Feeders,Bird feeders and houses,
539697,DVDs,DVD movies,
539935,Muffin Tins,Muffin and cupcake pans,
540059,Processors (CPUs),Computer processors,
540582,Conditioner,Hair conditioner,
541351,Rings,Rings and bands,
541868,Snowboarding,Snowboard equipment,
545033,Men's Dress Socks,Dress socks,
545588,Kitchen Storage,Kitchen storage containers,
545714,TV Stands,Television stands and entertainment centers,
545979,Bakeware,Baking pans and sheets,
546917,Aquariums,Fish tanks,
547331,Stuffed Animals,Plush toys and stuffed animals,
548868,Men's Underwear,Undergarments for men,
549990,Desk Accessories,Desk organization,
551490,Gaming Mice,High-performance gaming mice,
552035,Food & Beverages,Food and drink products,
553675,Boys' Clothing,Clothing for boys,
555219,Juice,Fruit juices,
555790,Skincare,Skin care products,
556397,Dog Grooming,Dog grooming supplies,
557529,Sewing Machines,Home sewing machines,
558299,Android Tablets,Android tablets,
558770,Swimming,Swimming gear,
558994,Laptop Stands,Ergonomic laptop stands,
560837,Women's Sandals,Sandals for women,
561624,Cookbooks,Cooking and recipe books,
562032,Fragrances,Perfumes and colognes,
562432,Building Sets,Building blocks and sets,
562633,Men's Joggers,Jogger pants,
562900,Feature Phones,Basic mobile phones,
563173,Sunglasses,Sunglasses and eyewear,
569487,Men's Windbreakers,Windbreaker jackets,
569895,Men's Board Shorts,Board shorts,
573844,All-in-One Computers,All-in-one desktop computers,
576004,Bird Toys,Toys for birds,
576417,Silver Jewelry,Silver jewelry items,
577351,Women's Puffer Jackets,Puffer coats,
578464,Sleeping Bags,Sleeping bags,
578603,Model Kits,Model building kits,
579044,Motor Oil,Engine oil and lubricants,
580020,Boys' Activewear,Athletic wear for boys,
582276,Cooling Systems,Computer cooling solutions,
583529,Laptop Sleeves,Laptop protective sleeves,
583909,Romance,Romance novels,
584146,Teething Toys,Teething toys,
585266,Men's Rain Jackets,Rain and waterproof jackets,
587137,OLED TVs,OLED display televisions,
588807,Deodorant,Deodorants and antiperspirants,
589595,Men's Swimwear,Swimming trunks and beach wear for men,
589772,Men's Trousers,Dress trousers for men,
591115,Small Appliances,Kitchen appliances,
595369,Bookcases,Bookcases and shelving units,
595445,Musical Instruments,Musical instruments and equipment,
596141,Ellipticals,Elliptical trainers,
596470,Women's Boyfriend Jeans,Boyfriend style jeans,
597626,Ice Skating,Ice skates,
598929,Women's Pant Suits,Pantsuit sets,
599021,Office Furniture,Home office furniture,
599223,Watches,Watches and timepieces,
600570,Acne Treatment,Acne care products,
600588,Mixing Spoons,Wooden mixing spoons,
600955,Early Readers,Books for beginning readers,
601014,Remote Control Toys,RC vehicles and toys,
602237,Fishing,Fishing gear,
602276,Accent Chairs,Decorative accent chairs,
602793,Salad Spinners,Salad spinners,
603326,Gaming Keyboards,Mechanical and gaming keyboards,
603601,Thermoses,Insulated bottles and thermoses,
603990,Video Doorbell Systems,Smart doorbell systems,
604353,Tea,Tea bags and loose tea,
608657,Gemstone Jewelry,Gemstone jewelry,
608941,Surge Protectors,Power surge protectors,
610332,Motion Sensors,Security motion detectors,
611494,Men's Suits,Business suits for men,
611644,Folders,File folders,
612126,Motherboards,Computer motherboards,
613211,Hand Tools,Manual hand tools,
614329,Skiing,Ski equipment,
615542,Guitar Pedals,Effect pedals,
617603,Pendant Lights,Pendant lighting,
618589,Women's Jumpsuits,Jumpsuits,
618747,MicroSD Cards,MicroSD cards,
619141,Comic Books,Comics and graphic novels,
619978,Women's Leggings,Leggings and tights,
620581,Women's Jeans,Denim jeans for women,
621221,TV Series,Television series box sets,
621763,Hair Color,Hair dye and color,
621974,Lunch Containers,Lunch boxes and meal prep,
622061,Desks,Computer and writing desks,
623430,Food Processors,Food processors,
627678,Wardrobes,Wardrobes and armoires,
630457,Boys' Outerwear,Jackets and coats for boys,
631706,Camera Bags,Camera carrying bags,
632613,Tents,Camping tents,
634354,Men's Outerwear,Outdoor and weather-resistant clothing for men,
635707,Napkin Rings,Napkin holders and rings,
636188,Household,Home and household items,
638775,Hardware,"Screws, nails, and hardware",
639024,Sun Shades,Windshield sun shades,
639832,Scissors,Office scissors,
640417,Men's Robes,Bathrobes for men,
640568,Car Wax,Car wax and polish,
641509,Vanities,Bedroom vanities,
642142,Tablet Cases,Cases for tablets,
642158,Eyeshadow,Eye shadow palettes,
643023,Gaming Consoles,Video game consoles,
643209,Women's Trench Coats,Trench coats,
643403,Chips,Potato chips and crisps,
643500,Facial Cleansers,Face wash and cleansers,
644937,Smart Displays,Smart displays with voice assistants,
646133,Spices & Seasonings,Herbs and spices,
646890,Bird Food,Bird food and treats,
647398,Point & Shoot Cameras,Compact digital cameras,
647531,Table Lamps,Table and desk lamps,
648405,French Presses,French press coffee makers,
648465,Science & Nature,Science and nature books,
649874,Vitamin D,Vitamin D supplements,
650377,Keyboard Instruments,Keyboards and pianos,
652958,Sofas & Couches,Sofas and sectionals,
654897,Range Extenders,Wi-Fi range extenders,
654941,Women's Athletic Leggings,Athletic leggings,
657218,Gravy Boats,Gravy boats and sauceboats,
658659,Women's High-Waisted Jeans,High-waisted jeans,
659260,Beauty & Personal Care,Beauty and personal care products,
659460,Yoga Mats,Yoga and exercise mats,
659557,Smart Home,Smart home devices,
663485,Music,Music and audio,
663502,Mugs & Cups,Coffee mugs and cups,
666512,Rice,Rice and grains,
666835,Surfing,Surfboards and surf gear,
666976,Cereal,Breakfast cereals,
667220,Smart Glasses,Augmented reality glasses,
667873,Shot Glasses,Shot glasses,
668476,Shoe Racks,Shoe storage racks,
669659,Lawn Mowers,Lawn mowing equipment,
670451,Mice,Computer mice,
672994,Car Chargers USB,USB car chargers,
673283,Women's Outerwear,Outdoor clothing for women,
673532,Women's One-Piece Swimsuits,One-piece swimwear,
674907,Whisks,Wire whisks,
675293,Plumbing,Plumbing supplies,
675611,Pianos,Acoustic pianos,
677837,Belts,Belts for men and women,
677939,Bed Skirts,Bed skirts and dust ruffles,
678538,Knee High Socks,Knee-high socks,
679600,Men's Blazers,Blazers and sport coats for men,
679861,Strollers,Baby strollers,
680871,Kitchen Gadgets,Kitchen tools and gadgets,
681185,Women's Stockings,Stockings,
682434,Boys' T-Shirts,T-shirts for boys,
682679,Women's Pea Coats,Pea coats,
682767,Women's Bermuda Shorts,Bermuda length shorts,
684285,Loungers,Outdoor loungers and chaises,
685397,Computer Components,Parts and components for computers,
685439,Sound Cards,Audio interface cards,
685593,CD Players,Compact disc players,
687037,Road Bikes,Road racing bikes,
687140,4K Monitors,Ultra HD 4K monitors,
690180,Dining Chairs,Dining room chairs,
690328,Guitar Picks,Guitar picks and plectrums,
690420,Winter Sports,Winter sports equipment,
692392,Rolling Pins,Baking rolling pins,
692475,Water Sports,Water sports equipment,
693845,Throw Pillows,Decorative throw pillows,
700152,Extension Cords,Electric extension cords,
701553,Reference Books,Reference and educational materials,
704135,Men's Boots,Boots for men,
704319,Car Jacks,Car lifting jacks,
704327,Men's Jackets,Casual jackets for men,
704898,iPhones,Apple iPhones,
704998,Plus Size Clothing,Plus size fashion,
705019,Men's Athletic Socks,Sports socks,
706887,Wireless Earbuds,Bluetooth wireless earbuds,
707000,NAS Drives,Network attached storage,
707629,Car Phone Mounts,Phone mounts for vehicles,
709477,Tablets,Tablet computers,
709796,Chandeliers,Chandelier lights,
709854,Men's Coats,Winter coats and overcoats for men,
712273,Aquarium Decor,Tank decorations,
713188,Bass Drums,Bass drums,
713807,Women's Caftans,Caftans and kaftans,
714257,Women's Trousers,Dress trousers for women,
714774,Women's Dresses,Dresses for all occasions,
714948,Yarn,Knitting yarn,
715567,Dehumidifiers,Moisture dehumidifiers,
715608,Step Stools,Kitchen step stools,
715788,Shelving Units,Storage shelves,
715812,Patio Umbrellas,Outdoor umbrellas,
719310,Moka Pots,Stovetop espresso makers,
719733,Women's Activewear,Athletic clothing for women,
720001,News Magazines,News and current events,
720533,Baking Supplies,Baking ingredients,
720873,Bowls,Serving and soup bowls,
721260,Psychology,Psychology books,
721733,Women's Crop Tops,Crop tops,
723425,Sports Magazines,Sports magazines,
723831,Dish Brushes,Dishwashing brushes,
724822,Gaming Laptops,High-performance gaming laptops,
725254,PlayStation Games,Games for PlayStation,
725386,Women's Bodysuits,Bodysuit tops,
725795,Aquarium Filters,Aquarium filtration systems,
726055,Baby Monitors,Video baby monitors,
726691,Tool Sets,Tool kits and sets,
727224,Measuring Cups,Measuring cups and spoons,
730766,Hygrometers,Humidity meters,
730936,Studio Monitors,Studio monitor speakers,
732277,Ethernet Cables,Network ethernet cables,
733286,Ladles,Soup ladles,
733612,Men's Fragrances,Colognes for men,
733689,Music Downloads,Digital music downloads,
734780,Children's Jewelry,Jewelry for kids,
735141,Subwoofers,Bass subwoofers,
735228,Women's Bras,Bras and brassieres,
735694,Mobile Accessories,Accessories for mobile devices,
736189,Tablet Sleeves,Tablet cases and sleeves,
737355,Storage Bins,Storage containers and bins,
740703,Bottle Openers,Bottle and wine openers,
741293,Vinyl Records,Vinyl LP records,
742501,Multivitamins,Daily multivitamins,
742751,Stand Mixers,Stand mixers,
743033,4K Ultra HD,4K UHD movies,
743055,Graters,Cheese graters and zesters,
743344,Dash Cams,Dashboard cameras,
744774,Banjos,Banjos,
744894,Bath Mats,Bathroom rugs and mats,
745075,Changing Tables,Baby changing tables,
746246,Juicers,Juice extractors,
747278,Diamond Jewelry,Diamond jewelry,
748420,Congas,Conga drums,
749210,Acoustic Guitars,Acoustic guitars,
749315,KVM Switches,Keyboard-video-mouse switches,
750347,Women's Bootcut Jeans,Bootcut jeans,
751753,Girls' Sleepwear,Pajamas for girls,
752366,Earrings,Earrings and studs,
752486,Air Fryers,Air fryers,
754866,Clocks,Wall and desk clocks,
757000,Sunscreen,Sun protection,
758032,Napkins,Table napkins,
758258,Women's Cover-Ups,Beach cover-ups,
759045,VR Headsets,Virtual reality headsets,
759267,CDs,Music compact discs,
759327,Smart Lights,Smart LED bulbs and lighting,
759563,Smart Bulbs,Wi-Fi smart light bulbs,
760004,Girls' T-Shirts,T-shirts for girls,
761031,Ice Cream Scoops,Ice cream scoops,
761521,Cellos,Cellos,
761664,Ironing Boards,Ironing boards,
761977,Action Figures,Action figures and collectibles,
762660,Gloves,Gloves and mittens,
764148,Small Animal Food,Food for small pets,
764231,Outdoor Play,Outdoor toys and play equipment,
764862,Bluetooth Speakers,Portable Bluetooth speakers,
765635,Microphones,Microphones for recording,
765665,Music Stands,Sheet music stands,
766315,Power Tools,Electric power tools,
767410,Bandages,Bandages and wound care,
767412,Children's Books,Books for children,
771497,Paint & Supplies,Paint and painting supplies,
772098,Filing Cabinets,File storage cabinets,
772333,Guitar Strings,Guitar strings,
772868,Coasters,Drink coasters,
775269,Shaving,Shaving products,
775921,Personal Care,Personal hygiene products,
777653,Car Audio,Car stereos and speakers,
777700,Pasta,Pasta and noodles,
778486,Fashion Jewelry,Costume and fashion jewelry,
779568,Furniture,Home furniture,
779644,Video Games,Video games and software,
780092,Pillow Cases,Pillowcases and shams,
781972,Breakfast Foods,Breakfast items,
782242,Ties & Bow Ties,Neckties and bow ties,
782318,Desktop Computers,Desktop PCs and workstations,
783321,Car Tires,Automotive tires,
783594,Computer Peripherals,Computer accessories and peripherals,
786093,Sewing Kits,Sewing supplies,
786948,Snacks,Snack foods,
788258,Home & Garden Magazines,Home and garden magazines,
788886,Scarves,Scarves and wraps,
790059,Electric Guitars,Electric guitars,
790641,Outdoor Tables,Outdoor dining and coffee tables,
794448,Vintage Clothing,Vintage and retro fashion,
798906,Blankets,Blankets and coverlets,
798983,Mouthwash,Oral rinse,
799789,Boys' Shirts,Shirts for boys,
800190,Baby Bodysuits,Bodysuits and onesies,
802239,Trading Cards,Collectible trading cards,
802557,Staplers,Staplers and staples,
803408,Blush,Blush and bronzer,
804407,Fantasy,Fantasy novels,
804887,Dinner Plates,Dinner plates,
805988,Women's Bikinis,Bikini swimsuits,
806965,Diapers,Baby diapers,
807077,Smart Thermostats,Programmable smart thermostats,
807177,Bongos,Bongo drums,
807336,Boys' Shorts,Shorts for boys,
807432,AAA Batteries,AAA size batteries,
807544,Girls' Shorts,Shorts for girls,
807850,Dog Toys,Toys for dogs,
808023,Magazines,Magazines and periodicals,
811026,Women's Tank Tops,Tank tops for women,
811857,Networking,Network equipment,
812269,Kitchen Towels,Dish towels and cloths,
812454,Women's A-Line Skirts,A-line skirts,
813524,USB-C Cables,USB Type-C cables,
813597,Women's Jackets,Casual jackets for women,
815243,Sustainable Fashion,Eco-friendly clothing,
817297,Blenders,Blenders and food processors,
817460,Fashion Magazines,Fashion and style magazines,
817553,Weight Management,Weight loss products,
819156,Women's Maxi Skirts,Long maxi skirts,
820782,Key Holders,Wall key holders,
821403,Men's Casual Shirts,Casual button-down shirts for men,
821605,Bath Accessories,Bathroom accessory sets,
822132,Studio Equipment,Recording equipment,
824617,Women's Clothing,All clothing items for women,
826084,Rattles,Baby rattles,
828609,Tubas,Tubas,
829262,Canned Goods,Canned foods,
829289,Books & Media,"Books, magazines, and media",
829947,LEGO,LEGO building sets,
830150,Floor Lamps,Standing floor lamps,
830309,Women's Sports Bras,Sports bras,
830750,Tape Dispensers,Tape and dispensers,
831232,USB Hubs,USB hub expanders,
831581,Lip Gloss,Lip gloss,
834353,Body Spray,Body sprays and mists,
836710,Camping Chairs,Portable camping chairs,
837012,Medical Supplies,Medical supplies and equipment,
837378,Bath,Bathroom accessories,
838360,Blu-ray,Blu-ray movies,
838373,Xylophones,Xylophones and glockenspiels,
839415,Drawer Organizers,Drawer dividers and organizers,
840664,Bird Cages,Bird cages and stands,
841232,Placemats,Table placemats,
841659,Baby Wipes,Baby wipes,
841684,Trombones,Trombones,
841930,Encyclopedias,Encyclopedia sets,
842058,Water Bottles,Reusable water bottles,
842417,TV Wall Mounts,TV mounting brackets,
843983,Health Monitors,Health monitoring devices,
844003,Game Controllers,Video game controllers,
844403,Exercise Bikes,Stationary bikes,
845237,DVD Players,DVD players,
845301,Remote Controls,Universal remote controls,
845603,Glass Containers,Glass food storage,
846282,Women's Blazers,Blazers for women,
847091,Beer Glasses,Beer mugs and glasses,
848314,Blinds & Shades,Window blinds,
851956,Fishing Rods,Fishing rods and reels,
853941,Men's Shirts,"Dress shirts, casual shirts for men",
854690,Women's Skinny Jeans,Skinny fit jeans,
855675,Clarinets,Clarinets,
858220,Night Lights,Night lights,
860877,Women's Underwear,Undergarments for women,
861714,Women's T-Shirts,T-shirts for women,
862312,Smart Smoke Detectors,Connected smoke alarms,
862341,Women's Skirt Suits,Skirt suit sets,
863071,Oils & Vinegars,Cooking oils and vinegars,
864950,Xbox Games,Games for Xbox,
865794,Earbuds,In-ear headphones,
867652,Hamster Cages,Cages for hamsters and small animals,
869252,Laundry Detergent,Laundry soap and detergent,
869378,School Supplies,School and student supplies,
871970,Pens,Ballpoint and gel pens,
872183,Nintendo Games,Games for Nintendo consoles,
873769,Espresso Machines,Espresso makers,
874318,Android Phones,Android smartphones,
875202,Gold Jewelry,Gold jewelry items,
875820,Fishing Tackle,Fishing lures and tackle,
876365,Monitors,Computer displays and monitors,
877234,Garment Steamers,Clothing steamers,
878926,PlayStation,Sony PlayStation consoles,
880496,Mixing Bowls,Mixing bowls and sets,
882632,Film Cameras,Traditional film cameras,
885074,Vitamins & Supplements,Vitamins and dietary supplements,
886697,Men's Swim Trunks,Swimming shorts,
887133,Business Laptops,Laptops for business use,
888052,Gardening Tools,Garden tools and equipment,
890684,Women's Capris,Capri pants,
893056,Ultrawide Monitors,Ultrawide curved monitors,
896301,Smart Plugs,Smart power outlets,
896647,Office Chairs,Ergonomic office chairs,
898072,Electrical,Electrical supplies,
898217,Chocolate,Chocolate products,
898647,TVs,Television sets,
898867,Basketball,Basketball equipment,
900256,MacBooks,Apple MacBook laptops,
901106,Thermometers Indoor,Indoor thermometers,
901918,Fabric,Sewing fabric and textiles,
902309,Mountain Bikes,Mountain bicycles,
902767,Men's Pants,Casual pants for men,
905602,Women's Formal Wear,Evening gowns and formal dresses,
906016,Men's Cardigans,Cardigan sweaters for men,
907161,Self-Help,Self-help and personal development,
909059,Salt & Pepper Shakers,Salt and pepper sets,
911701,Women's Athletic Jackets,Athletic jackets,
912469,Men's Shorts,Shorts for men,
915007,Laptops,Portable laptop computers,
915340,Guitar Stands,Guitar stands and hangers,
916738,Drum Sets,Complete drum kits,
918100,Puzzles,Jigsaw puzzles,
919078,Dog Training,Dog training aids,
919299,Baby Products,Baby care and products,
920382,Baby Health,Baby health and grooming,
920558,Women's Coats,Winter coats for women,
921060,Girls' Skirts,Skirts for girls,
921323,Travel,Travel guides and books,
923152,Camera Lenses,Interchangeable camera lenses,
924638,Men's Tank Tops,Tank tops and sleeveless shirts,
924722,Blood Pressure Monitors,BP monitors,
924892,Kayaking,Kayaks and accessories,
925187,iPad,Apple iPad tablets,
927215,Hammocks,Hammocks and stands,
930971,Metronomes,Metronomes,
931883,PA Systems,Public address systems,
932669,Outdoor Furniture,Patio and outdoor furniture,
932922,Organs,Organs and harmoniums,
932957,Camera Accessories,Photography accessories,
933643,Serums,Face serums and treatments,
934698,Irons,Steam irons,
935120,Hair Styling,Hair styling products,
936046,French Horns,French horns,
939079,Battery Chargers,Battery charging stations,
939230,Oboes,Oboes,
939604,Women's Shirts,Button-down shirts for women,
940977,Cufflinks,Cufflinks and tie accessories,
941467,Manga,Japanese manga,
942164,Humidifiers,Air humidifiers,
943584,Calculators,Calculators,
945181,Women's Athletic Tops,Athletic tops and sports bras,
945223,Beds,Bed frames and platforms,
947691,Cable Management,Cable organizers and sleeves,
948818,Maracas,Maracas and shakers,
950244,Men's Parkas,Parka coats,
950353,Fashion Accessories,Accessories to complement outfits,
950675,Philosophy,Philosophy books,
952053,Serving Dishes,Serving platters and bowls,
952913,Snare Drums,Snare drums,
953226,Ladders,Household ladders,
953986,Batteries & Chargers,Batteries and power,
954189,Tambourines,Tambourines,
954998,Wall Sconces,Wall mounted lights,
957235,Dog Food,Dog food and treats,
957836,Ceiling Lights,Ceiling light fixtures,
959187,Pastry Brushes,Baking brushes,
959985,Throw Blankets,Decorative blankets,
960913,Toothbrushes,Manual and electric toothbrushes,
960918,Women's Pencil Skirts,Pencil style skirts,
960993,Sports Drinks,Sports hydration drinks,
961098,Grills & Outdoor Cooking,BBQ grills and accessories,
961226,Health & Wellness,Health and wellness products,
961237,Buffets & Sideboards,Dining storage furniture,
964162,Tire Pressure Gauges,Tire gauges,
964831,Cat Trees,Cat trees and scratching posts,
965969,Network Adapters,Wi-Fi and network adapters,
966190,Garden Statues,Garden sculptures and statues,
966463,Footwear,Shoes and footwear,
967250,Keyboards,Electronic keyboards,
967662,2-in-1 Laptops,Convertible laptops and tablets,
968579,Nintendo Switch,Nintendo Switch console,
968865,Bike Helmets,Bicycle helmets,
969786,Women's Pants,Pants for women,
971189,Cat Food,Cat food and treats,
971448,Blu-ray Players,Blu-ray disc players,
973579,Women's Heels,High heels and pumps,
974713,Women's Athletic Shorts,Sports shorts,
974856,Trumpets,Trumpets and cornets,
975093,Probiotics,Probiotic supplements,
975477,Resistance Bands,Exercise resistance bands,
975655,Pearl Jewelry,Pearl jewelry,
975680,Fish Food,Food for fish,
976775,Toys & Games,Toys and games,
976940,Audio & Video,Audio and video equipment,
977044,Soft Drinks,Sodas and soft drinks,
979641,Flutes,Flutes and piccolos,
979660,Rechargeable Batteries,Rechargeable battery packs,
981480,Bedding,Bedding and linens,
983761,Cutting Boards,Cutting and chopping boards,
984640,Energy Drinks,Energy beverages,
986285,Protein Powder,Protein supplements,
988294,Space Heaters,Portable heaters,
990146,Peelers,Vegetable peelers,
992766,Women's Swimwear,Swimsuits and beach wear for women,
992901,Recorders,Recorder flutes,
993314,History,History books,
993396,Women's Mini Skirts,Short mini skirts,
994033,Men's Boxers,Boxer shorts,
997596,Playpens,Baby playpens and play yards,
998145,Tripods,Camera tripods and stands,
998336,Women's Pleated Skirts,Pleated skirts,
999454,Saxophones,Saxophones,
